method,n,m,time_sec
Vanilla,100,,0.001833200454711914
Vanilla,151,,0.0024051666259765625
Vanilla,231,,0.007776498794555664
Vanilla,351,,0.01581096649169922
Vanilla,533,,0.03873562812805176
Vanilla,811,,0.10359644889831543
Vanilla,1232,,0.33154892921447754
Vanilla,1873,,0.9392030239105225
Vanilla,2848,,3.2714486122131348
Vanilla,4328,,10.335150003433228
Vanilla,6579,,34.808695793151855
Vanilla,10000,,162.26932787895203
