,train_s,predict_s,total_s,rel_err
0,83.14457678794861,0.31002092361450195,83.45459771156311,0.054487153170613284
