sigma,lambda,m,train_time_s,test_error
50,1e-10,15000,80.13438415527344,15.044970776255337
