train_s,predict_s,total_s,rel_err
21.83065700531006,0.7581002712249756,22.588757276535034,0.16007629792011488
