method,m,time_sec,rel_err
FalkonGPU,100,3.9541172981262207,0.32124438666092764
FalkonGPU,316,2.7771196365356445,0.2714809428267921
FalkonGPU,1000,7.5151731967926025,0.23041566142332714
FalkonGPU,3162,21.8109872341156,0.20014803286783397
FalkonGPU,10000,81.49487781524658,0.17512458160474625
