train_s,predict_s,total_s,rel_err
11.940311670303345,0.7645211219787598,12.704832792282104,0.09397971522785505
